{"mfu":0.02856894503809866,"lr":3e-05,"iter":40,"val/loss":1.1471909721692404,"train/loss":1.194679868221283,"_timestamp":1.743764637337106e+09,"_step":8,"_runtime":5741.875294,"_wandb":{"runtime":5885}}