{"_runtime":30.724366,"iter":0,"mfu":-100,"_wandb":{"runtime":856},"_step":0,"val/loss":1.221295177936554,"train/loss":1.0597276985645294,"_timestamp":1.74367864181165e+09,"lr":0}