{"_step":4,"val/loss":1.2186197370290757,"mfu":0.03158456512231526,"iter":20,"_wandb":{"runtime":2721},"lr":3e-05,"_timestamp":1.7437562544806569e+09,"train/loss":1.0654363453388214,"_runtime":2586.755098}