{"iter":40,"_step":8,"_timestamp":1.7437824895581708e+09,"lr":1e-05,"train/loss":0.8716028749942779,"val/loss":0.8618244677782059,"mfu":0.029259192393282518,"_wandb":{"runtime":5706},"_runtime":5555.702452}