{"train/loss":1.0597276985645294,"mfu":-100,"_step":0,"_wandb":{"runtime":32},"iter":0,"lr":0,"_runtime":31.928697,"val/loss":1.221295177936554,"_timestamp":1.7436782382459168e+09}