{"iter":2000,"mfu":0.05098229839399728,"_step":4,"_wandb":{"runtime":9302},"_timestamp":1.743688830613172e+09,"lr":0.0001,"train/loss":0.6654295861721039,"val/loss":0.9522728770971298,"_runtime":9295.235524}