{"train/loss":0.6641253590583801,"_runtime":585.659635,"mfu":0.01828160079107382,"_timestamp":1.743708235704611e+09,"_wandb":{"runtime":587},"_step":4,"lr":0.0001,"val/loss":0.7905073695712619,"iter":1000}